{
    "loss": 10.378724098205566,
    "accuracy": 0.5035971403121948
}