{
    "loss": 7.332435131072998,
    "accuracy": 0.5035971403121948
}